ID;RegioS;JongerDan5Jaar_4;k_5Tot10Jaar_5;k_10Tot15Jaar_6;k_15Tot20Jaar_7;k_20Tot25Jaar_8;k_25Tot45Jaar_9;k_45Tot65Jaar_10;k_65Tot80Jaar_11;k_80JaarOfOuder_12;ZeerSterkStedelijk_52;SterkStedelijk_53;MatigStedelijk_54;WeinigStedelijk_55;NietStedelijk_56;TotaalAantalBanen_112;ParticuliereHuishoudensExclStudenten_121;BedrijfsvestigingenTotaal_164;AfstandTotSchoolBasisonderwijs_216;AantalGroteSupermarktenBinnen3Km_223;AantalRestaurantsBinnen3Km_225
1505;GM1680;938;1153;1440;1606;965;4398;8396;5017;1477;0;0;0;4180;21210;     6.0;    11.0;2230;     1.2;     1.5;     4.9
1531;GM0738;771;882;852;962;804;2998;3644;1726;514;0;0;0;4440;8720;     3.6;     5.0;1590;     0.7;     1.8;     1.2
1557;GM0358;1545;2016;2192;1994;1570;7112;9304;4321;1445;0;10;12650;15940;2900;    17.9;    12.9;3610;     0.8;     4.0;    15.4
1583;GM0197;1205;1476;1698;1708;1240;5500;8297;4414;1424;0;880;8620;9640;7820;     9.2;    11.3;2140;     0.8;     2.3;     7.1
1609;GM0480;;;;;;;;;;;;;;;;;;;;
1635;GM0739;;;;;;;;;;;;;;;;;;;;
1661;GM0305;;;;;;;;;;;;;;;;;;;;
1687;GM0059;1463;1703;1865;1839;1472;6325;7913;4168;1187;0;0;0;12240;15700;     7.2;    11.6;2365;     0.7;     2.7;     2.9
1713;GM0360;;;;;;;;;;;;;;;;;;;;
1739;GM0482;1266;1348;1286;1288;1152;4641;5126;2899;1008;0;11380;4850;3580;200;     9.3;     8.1;1685;     0.5;     4.0;    10.2
1765;GM0613;1342;1619;1694;1603;1146;5794;7807;3259;954;0;270;13650;10430;860;     9.8;    10.1;2005;     0.8;     4.9;     9.5
1791;GM0483;;;;;;;;;;;;;;;;;;;;
1817;GM0361;5531;5841;5765;6045;5870;28033;31058;15739;4588;36520;47990;9180;6250;8530;    56.6;    50.6;9835;     0.6;    12.2;    59.0
1843;GM0141;3580;3992;4463;4727;4037;17395;20523;10601;3311;7100;28550;21120;11260;4590;    43.5;    31.8;5125;     0.7;    10.5;    30.0
1869;GM0034;12300;13168;13453;13936;12556;56407;60104;17907;4159;2440;113120;56750;24630;7060;    68.7;    83.9;16250;     0.6;    10.1;    29.2
1895;GM0484;5692;6389;6498;6966;5870;26820;31200;15790;4457;31450;26990;20740;20040;10470;    43.3;    46.9;9795;     0.7;     7.2;    25.0
1921;GM0741;;;;;;;;;;;;;;;;;;;;
1947;GM1723;441;527;555;617;531;1976;3230;1712;494;0;0;0;0;10080;     2.4;     4.1;1220;     1.0;     1.3;     6.2
1973;GM1959;;;;;;;;;;;;;;;;;;;;
1999;GM0142;;;;;;;;;;;;;;;;;;;;
2025;GM1679;;;;;;;;;;;;;;;;;;;;
2051;GM0060;182;202;219;174;181;839;1020;663;174;0;0;0;0;3650;     1.7;     1.6;530;     0.8;     2.5;    15.2
2077;GM0306;;;;;;;;;;;;;;;;;;;;
2103;GM0307;9071;10036;10181;10065;8226;41723;43547;16824;5553;45240;77500;21180;8890;2420;    86.7;    66.6;14315;     0.6;    14.4;    66.6
2129;GM0198;;;;;;;;;;;;;;;;;;;;
2155;GM0362;5257;5574;4961;4845;5618;23262;23196;11852;5305;44760;32940;7420;3170;1570;    44.8;    39.8;8380;     0.7;    14.0;    49.7
2181;GM0363;46606;41589;37812;40134;69220;304288;208818;82682;22898;713950;111930;15080;9020;4060;   633.8;   430.7;125790;     0.5;    38.2;   441.0
2207;GM0364;;;;;;;;;;;;;;;;;;;;
2233;GM0199;;;;;;;;;;;;;;;;;;;;
2259;GM0105;;;;;;;;;;;;;;;;;;;;
2285;GM0366;;;;;;;;;;;;;;;;;;;;
2311;GM0200;7933;8535;9310;9996;8562;37143;46758;24904;8015;27200;81050;20370;11450;21090;    96.7;    70.8;12955;     0.7;    12.1;    43.4
2337;GM0003;503;589;681;682;520;2439;3562;2099;726;0;880;4040;6200;690;     3.8;     5.5;575;     0.9;     4.0;     7.9
2363;GM0885;;;;;;;;;;;;;;;;;;;;
2389;GM0649;;;;;;;;;;;;;;;;;;;;
2415;GM0202;8276;8710;8266;9153;11665;46025;41640;17873;5615;34470;77420;30010;12480;2830;   101.3;    73.8;13635;     0.6;    13.6;    68.6
2441;GM0106;3257;3894;4286;4383;3320;15670;19800;9838;3260;6150;19400;20570;16680;4900;    39.5;    30.3;4375;     0.7;     7.4;    28.9
2467;GM0743;739;848;982;1046;940;3573;5003;2791;797;0;2300;5190;4720;4510;     6.5;     7.0;1810;     0.8;     3.9;    11.3
2493;GM0143;;;;;;;;;;;;;;;;;;;;
2519;GM0650;;;;;;;;;;;;;;;;;;;;
2545;GM0744;303;306;339;317;299;1418;2010;1388;419;0;0;0;3380;3420;     2.7;     3.0;900;     1.7;     2.1;     6.8
2571;GM0308;1171;1367;1398;1411;1033;5164;7405;4166;1515;1300;12580;6290;2960;1510;    11.8;    10.9;3015;     0.6;     7.2;    27.4
2597;GM0745;;;;;;;;;;;;;;;;;;;;
2623;GM0489;2575;3123;3481;3515;2477;10626;14598;6201;1881;0;32050;14330;1790;310;    31.8;    18.9;4570;     0.8;     3.4;    13.8
2649;GM0203;4212;4131;4022;4316;3647;13606;14191;6856;2358;0;12840;11300;15490;17710;    33.1;    21.2;6510;     0.9;     6.5;    13.1
2675;GM0144;;;;;;;;;;;;;;;;;;;;
2701;GM0005;524;581;590;676;509;2198;3165;1781;451;0;0;1410;6100;2960;     3.2;     4.3;730;     0.9;     2.7;     5.6
2727;GM0888;582;637;717;913;796;3182;5088;3003;977;0;0;7450;4000;4440;     8.7;     7.3;1530;     0.7;     5.3;    16.0
2753;GM0746;;;;;;;;;;;;;;;;;;;;
2779;GM1954;;;;;;;;;;;;;;;;;;;;
2805;GM0370;540;544;526;579;503;2063;2869;1488;438;0;380;1480;4200;3500;     2.9;     3.8;1160;     1.2;     3.7;    19.5
2831;GM0889;538;643;759;814;657;2761;4254;2301;717;0;0;3150;6780;3510;     3.3;     5.8;890;     0.8;     4.8;     7.6
2857;GM0107;;;;;;;;;;;;;;;;;;;;
2883;GM0890;;;;;;;;;;;;;;;;;;;;
2909;GM0007;;;;;;;;;;;;;;;;;;;;
2935;GM0206;;;;;;;;;;;;;;;;;;;;
2961;GM0372;;;;;;;;;;;;;;;;;;;;
2987;GM1945;1357;1534;1859;2084;1776;6725;11070;6233;2110;0;0;6970;13960;13810;    10.8;    15.4;2745;     0.8;     4.6;     9.3
3013;GM0491;;;;;;;;;;;;;;;;;;;;
3039;GM1724;776;887;1068;1199;1042;3781;5646;3103;896;0;0;2730;5210;10460;     6.9;     7.6;2120;     0.8;     2.0;     6.3
3065;GM0893;533;579;690;813;662;2482;4376;2311;660;0;0;0;4070;9030;     3.7;     5.6;1020;     1.0;     1.7;     4.6
3091;GM0373;875;1208;1601;1904;1272;4327;9379;7051;2324;0;1620;11450;8910;7970;     7.7;    13.6;3430;     0.8;     3.0;    17.9
3117;GM0748;3203;3339;3497;3966;3396;15074;19987;10677;3215;15420;20480;14310;12440;3700;    29.6;    29.3;4900;     0.6;     9.5;    36.9
3143;GM0749;;;;;;;;;;;;;;;;;;;;
3169;GM0207;;;;;;;;;;;;;;;;;;;;
3195;GM0492;;;;;;;;;;;;;;;;;;;;
3221;GM0493;;;;;;;;;;;;;;;;;;;;
3247;GM0751;;;;;;;;;;;;;;;;;;;;
3273;GM1859;1712;2196;2670;2814;2129;8285;13671;8085;2470;0;0;10520;17790;15710;    14.5;    18.6;3930;     0.8;     2.5;     6.2
3299;GM0752;;;;;;;;;;;;;;;;;;;;
3325;GM1721;1413;1656;1928;2113;1709;6508;9070;4629;1524;0;0;6300;14100;10150;    10.0;    12.1;3105;     0.8;     2.6;     5.2
3351;GM0568;;;;;;;;;;;;;;;;;;;;
3377;GM0753;1347;1526;1851;2073;1595;6324;9314;4170;1297;0;9390;11410;6620;2070;    14.8;    12.4;2575;     0.7;     8.2;    13.9
3403;GM0209;1233;1237;1460;1718;1277;5592;8485;3795;1001;0;5200;9260;3200;8150;     6.6;    11.0;2165;     0.8;     3.7;     9.5
3429;GM0375;2218;2221;2272;2347;2283;10747;11612;5441;1936;28740;7680;2080;290;2290;    17.8;    18.7;3765;     0.6;    15.8;    44.0
3455;GM0063;;;;;;;;;;;;;;;;;;;;
3481;GM0310;2077;2469;2687;2736;1847;8279;12609;6973;3169;0;16840;9740;9450;6820;    17.4;    18.9;4585;     0.7;     6.3;    17.3
3507;GM0585;1358;1604;1710;1601;1312;6244;8628;5173;1468;0;0;7150;9810;12140;     9.9;    12.4;2605;     0.8;     2.1;     2.4
3533;GM1728;964;1021;1168;1272;1076;4415;6000;3217;1011;0;0;6890;7090;6170;    12.1;     8.4;2125;     0.7;     2.3;     8.6
3559;GM0754;;;;;;;;;;;;;;;;;;;;
3585;GM0376;653;576;638;657;348;2137;3018;2255;513;20;2530;1800;5380;1080;     3.1;     4.7;1450;     0.7;     5.5;    24.5
3611;GM0495;;;;;;;;;;;;;;;;;;;;
3637;GM0377;1033;1496;1646;1658;818;3494;7014;4249;1800;1110;3200;6600;8600;3710;     4.9;     9.5;2760;     0.6;     9.6;    53.3
3663;GM0055;;;;;;;;;;;;;;;;;;;;
3689;GM0497;;;;;;;;;;;;;;;;;;;;
3715;GM1901;1900;2036;2176;2281;1829;7430;9621;5190;1485;0;10090;11860;2920;9080;    14.2;    13.8;3915;     0.8;     3.3;    11.3
3741;GM0755;509;556;698;753;618;2336;3105;1491;436;0;0;0;6600;3900;     3.2;     4.0;1165;     1.1;     1.6;     4.0
3767;GM0009;357;451;490;531;317;1507;2171;1087;381;0;0;0;3830;3470;     1.1;     3.0;565;     0.6;     1.4;     3.9
3793;GM0064;;;;;;;;;;;;;;;;;;;;
3819;GM0211;;;;;;;;;;;;;;;;;;;;
3845;GM0108;;;;;;;;;;;;;;;;;;;;
3871;GM1681;1005;1187;1361;1580;1141;4673;8358;4730;1316;0;0;0;4850;20500;     6.1;    11.0;2245;     1.4;     1.6;     4.6
3897;GM0897;;;;;;;;;;;;;;;;;;;;
3923;GM0147;1295;1369;1414;1418;1074;5264;6453;3717;1120;0;7190;6670;7080;2180;     6.2;     9.6;1670;     0.7;     5.6;    13.0
3949;GM0654;1189;1332;1395;1505;1189;4892;6740;3380;1094;0;0;0;7050;15670;     8.1;     9.5;2120;     0.9;     0.8;     2.2
3975;GM0499;;;;;;;;;;;;;;;;;;;;
4001;GM0756;1124;1321;1727;1883;1591;5757;9149;4775;1526;0;700;6720;4880;16560;    13.8;    12.1;2320;     0.7;     3.4;     8.7
4027;GM0757;1329;1617;1927;1966;1601;6901;8807;5054;1470;0;12130;8380;3860;6300;    14.6;    13.2;2695;     0.7;     5.7;    21.2
4053;GM0212;;;;;;;;;;;;;;;;;;;;
4079;GM0758;9104;9786;10070;11196;14369;47839;48177;24451;8456;63520;53350;38160;22570;5850;   116.6;    82.2;17795;     0.7;    13.1;    64.2
4105;GM0194;;;;;;;;;;;;;;;;;;;;
4131;GM0311;;;;;;;;;;;;;;;;;;;;
4157;GM0501;740;775;874;1011;849;3736;5315;2907;833;0;1630;4920;6480;4000;     5.2;     7.6;1495;     0.9;     3.7;    14.7
4183;GM0898;;;;;;;;;;;;;;;;;;;;
4209;GM1876;1278;1671;2201;2456;1697;6021;12025;6871;2132;0;0;0;14520;21830;    12.1;    15.4;3980;     1.1;     1.8;     4.2
4235;GM0656;;;;;;;;;;;;;;;;;;;;
4261;GM0657;;;;;;;;;;;;;;;;;;;;
4287;GM0213;825;923;1147;1309;1050;3901;6521;3857;1238;0;0;9180;5900;5700;     7.1;     9.0;1735;     0.7;     3.2;     5.0
4313;GM0899;1085;1264;1328;1478;1283;5999;9085;4984;1735;1010;16810;8760;1530;140;     6.3;    13.5;1490;     0.6;    10.1;    24.7
4339;GM0759;;;;;;;;;;;;;;;;;;;;
4365;GM0312;855;952;937;949;660;3049;4506;2395;911;0;0;0;11570;3650;     8.6;     6.3;1670;     0.7;     2.0;     7.0
4391;GM0313;1309;1462;1399;1436;1362;5576;5309;2733;680;0;6930;6380;6710;1240;    11.9;     8.0;2110;     0.5;     4.7;    15.0
4417;GM0214;1201;1441;1598;1732;1272;5456;8542;4167;956;0;0;0;2080;24280;     6.6;    10.7;3175;     1.0;     1.3;     2.9
4443;GM0381;;;;;;;;;;;;;;;;;;;;
4469;GM0502;3652;3820;3617;3790;3773;16073;19109;10022;2998;20390;40440;6030;0;0;    37.1;    30.3;5390;     0.6;     9.9;    23.7
4495;GM0383;1592;1699;2015;2330;1869;6723;10744;6422;2214;0;14640;4560;13220;3190;     8.4;    15.5;3175;     0.6;     4.4;    19.0
4521;GM0760;;;;;;;;;;;;;;;;;;;;
4547;GM0109;1525;1785;2053;2250;1532;6919;10992;6216;2027;0;700;5800;6600;22200;    11.1;    15.3;2980;     1.1;     2.9;     7.4
4573;GM0314;;;;;;;;;;;;;;;;;;;;
4599;GM1706;886;1024;1051;1158;1036;4184;6230;3737;1030;0;0;2410;9950;7970;     6.7;     8.7;2030;     0.8;     1.9;     7.9
4625;GM0611;543;663;695;789;606;2588;4021;2335;586;0;0;2820;6460;3560;     4.4;     5.5;1340;     0.9;     1.6;     6.4
4651;GM1684;1170;1253;1375;1575;1375;5458;7552;4050;1103;0;0;10420;6840;7660;    12.5;    10.7;1860;     0.7;     4.3;    14.4
4677;GM0216;1417;1631;1777;1925;1428;6427;8553;3904;1133;0;13350;10680;3400;770;    12.0;    12.0;2515;     0.5;     6.1;    14.8
4703;GM0110;;;;;;;;;;;;;;;;;;;;
4729;GM0148;1533;1536;1879;1959;1417;5802;8346;4349;1421;0;0;3840;10660;13740;    10.0;    11.2;2660;     1.0;     2.4;     5.7
4755;GM0065;;;;;;;;;;;;;;;;;;;;
4781;GM1891;952;1083;1133;1238;1017;3957;5501;3067;956;0;0;0;8010;10890;     3.7;     7.7;1360;     0.8;     2.1;     1.8
4807;GM0503;4482;4202;4035;5979;14670;29114;23846;12030;3895;74070;21650;6300;10;220;    56.3;    44.3;7995;     0.6;    18.6;   111.1
4833;GM0010;1058;1165;1309;1443;1173;4879;7681;4592;1563;0;400;6760;7200;10510;    10.6;    11.5;1590;     0.9;     3.3;     9.0
4859;GM0149;;;;;;;;;;;;;;;;;;;;
4885;GM0762;1565;1645;1689;2052;1844;6831;9835;5083;1593;0;6470;7240;6150;12280;    13.0;    13.5;3205;     0.8;     4.9;    15.1
4911;GM0150;5070;5669;6014;6129;5927;25455;27938;12944;4507;24550;24430;26040;15340;9290;    62.0;    44.1;7555;     0.7;     9.7;    36.8
4937;GM0218;;;;;;;;;;;;;;;;;;;;
4963;GM0384;1512;1396;1320;1717;2872;7634;7241;3311;1118;14840;7890;4720;580;90;    22.9;    12.2;2595;     0.6;     6.8;    33.5
4989;GM0151;;;;;;;;;;;;;;;;;;;;
5015;GM0152;;;;;;;;;;;;;;;;;;;;
5041;GM0763;;;;;;;;;;;;;;;;;;;;
5067;GM0111;;;;;;;;;;;;;;;;;;;;
5093;GM1774;1140;1290;1773;1866;1574;5232;7873;4004;1539;0;0;2060;9990;14240;    10.3;    10.1;2725;     0.9;     2.0;     9.5
5119;GM0764;;;;;;;;;;;;;;;;;;;;
5145;GM0219;;;;;;;;;;;;;;;;;;;;
5171;GM0504;;;;;;;;;;;;;;;;;;;;
5197;GM0220;;;;;;;;;;;;;;;;;;;;
5223;GM0221;400;532;607;748;558;2157;3636;2181;509;0;0;2360;8140;830;     3.0;     5.2;810;     0.7;     3.9;    11.8
5249;GM0222;2750;2926;3397;3621;2929;12948;17083;8827;2901;0;13280;18430;17380;8300;    34.9;    25.1;4900;     0.8;     5.8;    21.8
5275;GM0660;;;;;;;;;;;;;;;;;;;;
5301;GM0766;1201;1316;1416;1631;1337;5802;7742;4081;1251;0;7420;9700;4510;4150;     8.6;    10.9;2215;     0.6;     6.1;     9.4
5327;GM0058;1170;1447;1485;1540;1275;4999;6842;3759;1272;0;0;5460;5940;12390;     8.6;    10.2;1935;     0.8;     3.4;     7.0
5353;GM0315;;;;;;;;;;;;;;;;;;;;
5379;GM0505;6090;6462;6320;7138;6915;29711;33761;16471;5558;50750;50900;12440;3250;1080;    57.5;    53.8;9195;     0.6;    11.6;    36.7
5405;GM0498;946;1071;1181;1316;1051;4128;5723;3254;770;0;0;30;8610;10800;     4.9;     8.0;1940;     0.9;     2.2;     2.4
5431;GM0316;;;;;;;;;;;;;;;;;;;;
5457;GM1719;1174;1329;1388;1661;1362;5721;8567;4625;1236;0;1220;6230;10260;9360;     7.6;    11.4;2610;     0.8;     2.8;     3.4
5483;GM0303;1989;2394;2579;2988;2624;9246;11841;5363;1711;0;2530;8410;20510;9280;    13.9;    16.5;3795;     1.3;     3.1;     5.7
5509;GM0767;;;;;;;;;;;;;;;;;;;;
5535;GM0225;838;993;1151;1295;909;4139;5896;2735;745;0;0;8080;4930;5690;     6.5;     7.7;1605;     0.7;     4.0;     6.5
5561;GM0662;;;;;;;;;;;;;;;;;;;;
5587;GM0226;1105;1310;1506;1945;1320;5082;8678;3414;1078;0;5350;10900;6000;3190;    15.9;    10.6;2000;     0.7;     4.6;     8.6
5613;GM0768;;;;;;;;;;;;;;;;;;;;
5639;GM0769;;;;;;;;;;;;;;;;;;;;
5665;GM0112;;;;;;;;;;;;;;;;;;;;
5691;GM0902;;;;;;;;;;;;;;;;;;;;
5717;GM0227;;;;;;;;;;;;;;;;;;;;
5743;GM1711;1203;1320;1447;1650;1469;6447;10502;5886;1827;0;1130;7210;10320;13100;    12.3;    14.1;2725;     0.8;     3.2;     8.4
5769;GM0385;1650;1968;2325;2417;2037;7900;10394;5974;1288;0;17180;7830;4460;6490;    12.3;    14.6;4145;     0.6;     4.7;    20.0
5795;GM0228;6671;6847;7272;7995;7660;27348;30486;15104;5299;17090;40770;18980;14490;23340;    53.3;    46.7;10825;     0.7;     8.0;    22.7
5821;GM0113;;;;;;;;;;;;;;;;;;;;
5847;GM0317;421;490;607;659;443;1764;2914;1449;365;0;0;4190;4270;660;     2.6;     3.8;1175;     1.0;     4.3;    13.9
5873;GM1651;668;787;927;1008;767;3083;4756;2769;788;0;0;0;3850;11700;     4.0;     7.0;1290;     0.9;     2.0;     4.5
5899;GM0770;861;914;1020;1106;1067;3854;5884;3020;1052;0;0;3950;4590;10240;     8.1;     7.8;2025;     0.8;     2.7;     8.9
5925;GM0357;;;;;;;;;;;;;;;;;;;;
5951;GM0229;;;;;;;;;;;;;;;;;;;;
5977;GM0905;;;;;;;;;;;;;;;;;;;;
6003;GM1903;1184;1075;1253;1600;1227;5098;7956;4719;1454;0;0;3730;5490;16350;     6.0;    10.8;2200;     1.1;     1.7;     7.4
6029;GM0772;10867;11237;10933;12787;19034;69586;56349;27668;10665;107730;81440;26430;12580;940;   189.5;   108.4;20750;     0.6;    20.3;    84.9
6055;GM0230;1376;1497;1470;1622;1210;5345;6159;3395;1033;0;0;3510;13560;6040;     8.8;     9.1;1810;     0.7;     2.9;    10.6
6081;GM0231;;;;;;;;;;;;;;;;;;;;
6107;GM0114;4598;5429;5990;6699;5330;23159;32351;17979;5657;0;8890;32970;24720;40610;    45.7;    47.8;7770;     0.9;     3.7;    10.8
6133;GM0388;921;1011;1029;1024;993;4362;5274;3030;832;0;7360;9870;1040;210;     7.1;     8.5;1740;     0.6;     4.9;    22.2
6159;GM0153;7571;8182;8411;10067;14394;41070;40909;21095;6562;49670;57540;24830;15370;10860;    86.4;    69.4;11320;     0.6;    13.7;    59.8
6185;GM0232;1480;1624;1794;2083;1568;6467;9776;6045;2026;0;900;8250;13560;10150;    11.8;    14.0;2865;     0.8;     4.3;    12.1
6211;GM0233;1251;1325;1569;1814;1481;5534;7723;4549;1547;0;3120;11400;8340;3940;    14.1;    10.9;2440;     0.8;     7.1;    13.8
6237;GM0776;;;;;;;;;;;;;;;;;;;;
6263;GM0777;2229;2529;2649;2499;2116;10459;12487;6700;1864;0;28000;8050;5270;2210;    23.1;    18.4;3525;     0.7;     6.6;    21.1
6289;GM0068;;;;;;;;;;;;;;;;;;;;
6315;GM1722;480;544;585;557;382;1860;2529;1355;379;0;0;0;0;8670;     2.7;     3.6;700;     0.7;     1.5;     2.3
6341;GM0778;;;;;;;;;;;;;;;;;;;;
6367;GM0070;;;;;;;;;;;;;;;;;;;;
6393;GM1921;;;;;;;;;;;;;;;;;;;;
6419;GM1940;2395;2906;3288;3370;2451;10645;15264;8791;2632;0;790;10080;14400;26480;    16.8;    21.9;5620;     0.9;     3.3;     8.2
6445;GM0653;;;;;;;;;;;;;;;;;;;;
6471;GM0115;;;;;;;;;;;;;;;;;;;;
6497;GM0779;1033;1197;1206;1236;1011;5051;6442;3398;943;0;5340;8390;5570;2210;    10.7;     9.3;1995;     0.7;     5.2;    11.7
6523;GM0236;1354;1570;1776;1927;1424;5661;8043;4027;1036;0;0;5170;9570;12080;    14.9;    10.7;2990;     0.8;     3.3;     6.1
6549;GM0781;;;;;;;;;;;;;;;;;;;;
6575;GM1771;1939;2035;2215;2398;1944;8785;11500;6386;2050;0;14960;13350;9430;1520;    12.9;    17.3;3040;     0.6;     5.8;    15.2
6601;GM0906;;;;;;;;;;;;;;;;;;;;
6627;GM0782;;;;;;;;;;;;;;;;;;;;
6653;GM1652;1578;1724;1694;1769;1684;7156;9076;4392;1267;0;4300;7620;7730;10690;     9.5;    12.7;2895;     0.8;     3.6;     8.2
6679;GM0237;;;;;;;;;;;;;;;;;;;;
6705;GM0238;;;;;;;;;;;;;;;;;;;;
6731;GM0154;;;;;;;;;;;;;;;;;;;;
6757;GM0907;742;872;966;1008;764;3510;5350;2979;861;0;0;4360;5180;7510;     8.7;     7.1;1350;     0.7;     4.1;     7.9
6783;GM0689;698;841;901;1089;797;2977;4355;2292;601;0;0;0;1420;13130;     4.1;     5.8;1605;     1.1;     1.0;     2.2
6809;GM0116;;;;;;;;;;;;;;;;;;;;
6835;GM0784;1298;1460;1528;1597;1379;5953;7755;4237;1106;0;8710;5680;8810;3120;    11.8;    11.0;2220;     0.7;     3.8;     6.5
6861;GM0511;;;;;;;;;;;;;;;;;;;;
6887;GM1924;2478;2600;2970;3065;2463;10712;14398;7824;2619;0;3310;6800;20320;18710;    18.5;    20.6;4440;     0.7;     2.3;     5.5
6913;GM0664;1665;1886;1988;2248;1853;8411;10950;6221;2414;0;14640;7250;7680;8070;    28.0;    17.2;3490;     0.7;     6.4;    30.6
6939;GM0785;1220;1413;1356;1396;1000;5089;6911;4121;1115;0;7560;7100;5750;3210;     6.6;     9.9;1975;     0.7;     4.8;    10.7
6965;GM1942;3089;3767;4050;3733;2194;11695;16615;8535;3659;15580;20400;8830;6120;6410;    20.7;    25.3;7775;     0.6;     9.7;    45.6
6991;GM0156;;;;;;;;;;;;;;;;;;;;
7017;GM0512;1934;2006;2087;2265;2097;9090;10285;4877;1643;2810;19450;10230;2330;1470;    26.1;    16.1;3195;     0.6;     8.7;    28.7
7043;GM0239;;;;;;;;;;;;;;;;;;;;
7069;GM0513;3934;4066;4318;4480;4392;17828;20274;10043;3365;34530;27760;7950;2170;300;    37.1;    32.6;5680;     0.6;     9.7;    49.4
7095;GM0693;;;;;;;;;;;;;;;;;;;;
7121;GM0365;;;;;;;;;;;;;;;;;;;;
7147;GM0157;;;;;;;;;;;;;;;;;;;;
7173;GM0786;536;691;685;775;624;2633;3818;2085;572;0;0;1010;8050;3360;     3.7;     5.2;935;     0.6;     3.5;    14.0
7199;GM0390;;;;;;;;;;;;;;;;;;;;
7225;GM0517;;;;;;;;;;;;;;;;;;;;
7251;GM0518;31983;31317;29299;29965;35346;161052;137189;57643;18767;439700;57420;25720;7800;1940;   281.5;   244.4;52560;     0.5;    34.9;   214.2
7277;GM0787;;;;;;;;;;;;;;;;;;;;
7303;GM0519;;;;;;;;;;;;;;;;;;;;
7329;GM0240;;;;;;;;;;;;;;;;;;;;
7355;GM0241;;;;;;;;;;;;;;;;;;;;
7381;GM0014;8627;8074;7612;13055;34618;61815;43312;19433;6264;126330;34300;21900;10530;9760;   147.7;    94.0;16455;     0.7;    21.3;   145.0
7407;GM0015;615;728;855;863;647;2596;3667;1655;517;0;0;0;770;11370;     2.6;     4.8;1085;     0.8;     1.4;     2.4
7433;GM0912;;;;;;;;;;;;;;;;;;;;
7459;GM0913;;;;;;;;;;;;;;;;;;;;
7485;GM1729;493;510;594;709;623;2635;4800;2937;895;0;0;0;3000;11200;     3.3;     6.4;1310;     1.5;     1.7;    13.7
7511;GM0158;1033;1280;1471;1617;1138;4780;7351;4314;1307;0;3780;8350;7270;4900;    10.0;    10.0;2130;     0.7;     5.0;    16.7
7537;GM0788;536;678;767;952;763;2708;4569;2494;636;0;0;0;5440;8670;     4.5;     5.7;1555;     1.0;     1.9;     6.0
7563;GM0392;9264;9303;8477;8032;8462;46413;42622;20266;6870;125620;29130;3890;360;710;    68.6;    75.1;17105;     0.5;    20.2;   130.2
7589;GM0393;304;310;290;383;345;1272;1903;816;244;0;0;1500;770;3590;     2.0;     2.5;715;     0.7;     1.8;     6.7
7615;GM0394;7173;8851;10174;9889;8007;34742;44444;18983;5019;16850;70450;31850;17090;11030;   170.2;    60.7;15790;     0.8;     7.9;    21.5
7641;GM0914;;;;;;;;;;;;;;;;;;;;
7667;GM1655;1418;1404;1556;1737;1422;6302;9229;5306;1514;0;1350;4490;16150;7900;    10.6;    12.9;2770;     0.8;     3.0;     6.4
7693;GM0789;;;;;;;;;;;;;;;;;;;;
7719;GM0159;;;;;;;;;;;;;;;;;;;;
7745;GM0160;3315;3640;3947;4263;3523;13673;17244;8300;2634;0;0;9620;18010;32920;    24.3;    23.8;4835;     1.0;     2.9;     7.8
7771;GM0243;2609;2976;2942;3073;2394;11679;12842;6342;1975;0;21610;19630;2130;3470;    23.5;    19.6;3845;     0.6;     7.7;    25.1
7797;GM0523;1123;1160;1207;1216;1131;4267;4545;2431;878;0;0;8600;7790;1570;     8.3;     6.9;1685;     0.6;     2.6;     6.0
7823;GM0017;1066;1176;1205;1216;683;3718;5574;3606;1616;0;1190;8980;5490;4200;     6.1;     8.7;1735;     0.8;     4.6;    10.9
7849;GM0395;;;;;;;;;;;;;;;;;;;;
7875;GM0072;693;811;1000;1017;730;3152;4611;2962;807;0;1650;6830;5730;1570;     5.8;     7.2;1445;     0.7;     5.4;    22.5
7901;GM0318;;;;;;;;;;;;;;;;;;;;
7927;GM0161;;;;;;;;;;;;;;;;;;;;
7953;GM0244;650;689;818;795;557;2514;3443;1995;693;0;0;4650;5380;2130;     3.6;     5.0;955;     0.7;     1.9;    13.2
7979;GM0117;;;;;;;;;;;;;;;;;;;;
8005;GM0245;;;;;;;;;;;;;;;;;;;;
8031;GM1937;;;;;;;;;;;;;;;;;;;;
8057;GM0396;1797;1997;2147;2399;2125;8503;11730;6121;2327;16890;15310;3110;2050;1780;    10.8;    17.2;2620;     0.5;    12.8;    32.0
8083;GM0397;1411;1679;1694;1624;848;4851;7774;5038;2161;2060;16330;2910;5170;620;     7.4;    11.8;2995;     0.7;    11.9;    48.0
8109;GM0246;876;1071;1076;1185;847;3747;5556;3232;1013;0;0;2250;10120;6240;     6.7;     7.5;1440;     0.8;     2.5;     6.1
8135;GM0074;2421;2727;3033;3253;2453;11069;14667;7851;2718;1280;13070;6940;8140;20770;    33.0;    22.3;4570;     0.9;     3.9;    17.6
8161;GM0247;;;;;;;;;;;;;;;;;;;;
8187;GM0398;3188;3529;3594;3740;2900;14307;14974;7883;1735;5450;30690;9770;5660;4280;    23.6;    22.9;4180;     0.6;     8.3;    17.9
8213;GM0526;;;;;;;;;;;;;;;;;;;;
8239;GM0917;3538;3734;3860;4432;4661;20368;26737;14256;5176;8520;51210;20130;6040;880;    52.5;    44.1;5405;     0.6;    10.8;    36.6
8265;GM0791;;;;;;;;;;;;;;;;;;;;
8291;GM0793;;;;;;;;;;;;;;;;;;;;
8317;GM1658;679;761;858;968;785;3126;5007;2771;931;0;0;2650;7320;5920;     5.4;     6.6;1730;     0.8;     1.9;     7.2
8343;GM0399;919;1200;1408;1497;967;4032;6936;4415;1725;0;9130;5440;7530;990;     5.6;    10.3;2050;     0.6;     6.4;    18.2
8369;GM0162;;;;;;;;;;;;;;;;;;;;
8395;GM0918;;;;;;;;;;;;;;;;;;;;
8421;GM0400;2569;2741;2853;3062;3043;12529;16758;9385;2820;7470;25750;16250;4330;1960;    28.2;    26.4;2975;     0.7;     7.1;    16.5
8447;GM0163;1687;1965;2352;2281;1765;7801;10341;5792;1812;0;3670;9080;12510;10540;    12.5;    14.5;2690;     0.7;     5.0;    11.6
8473;GM0530;1756;2142;2314;2233;2027;9128;12231;6619;1542;1630;20610;10190;4520;3050;     8.6;    17.8;2605;     0.7;     7.5;    16.6
8499;GM0794;4657;5321;5688;5853;4882;22758;26481;12039;3224;14450;35820;20200;17100;3340;    46.6;    39.7;6800;     0.6;     9.9;    28.5
8525;GM0795;;;;;;;;;;;;;;;;;;;;
8551;GM0531;2066;2204;2088;1922;1570;7812;7973;3782;1260;1140;23580;4590;1280;70;     8.3;    12.0;2345;     0.6;     9.1;    22.3
8577;GM0248;;;;;;;;;;;;;;;;;;;;
8603;GM0164;3748;4194;4886;5125;4446;19435;22980;11622;4157;16680;32470;17670;10900;2870;    44.6;    36.5;6400;     0.7;    11.7;    40.3
8629;GM0796;8035;8213;8079;8520;9340;41017;43336;20714;6180;32300;55480;27750;22360;15550;   106.1;    70.0;16460;     0.6;     9.1;    64.0
8655;GM0251;;;;;;;;;;;;;;;;;;;;
8681;GM0252;666;830;960;1181;781;2894;5345;2921;884;0;0;5450;6020;4990;     4.3;     7.0;1430;     0.7;     3.0;     7.6
8707;GM0797;2074;2352;2529;2736;2317;9706;13277;6779;1953;0;11660;11180;11630;9250;    13.5;    18.3;4210;     0.6;     4.8;     8.8
8733;GM0920;;;;;;;;;;;;;;;;;;;;
8759;GM0534;1047;1194;1218;1255;981;5207;6418;3360;1132;0;13180;5310;790;2540;     6.7;     9.6;1945;     0.6;     6.2;    16.1
8785;GM0798;636;781;940;996;787;3047;4854;2592;733;0;0;2420;5540;7400;     5.4;     6.3;1715;     0.7;     2.9;     6.8
8811;GM0402;4768;5088;5298;5152;4506;23345;24331;12274;4759;51110;21770;9530;5680;1430;    52.2;    41.3;10395;     0.6;    13.1;   100.8
8837;GM1963;;;;;;;;;;;;;;;;;;;;
8863;GM0253;;;;;;;;;;;;;;;;;;;;
8889;GM0799;;;;;;;;;;;;;;;;;;;;
8915;GM1735;1438;1763;2160;2256;1717;6647;10344;6402;2203;0;0;6250;15020;13660;    12.5;    14.6;3660;     0.9;     2.7;     7.3
8941;GM1966;;;;;;;;;;;;;;;;;;;;
8967;GM1911;2245;2558;2919;3191;2442;10196;14526;7557;2047;0;0;1060;18750;27870;    13.6;    20.1;4975;     1.1;     2.0;     3.2
8993;GM0165;;;;;;;;;;;;;;;;;;;;
9019;GM0675;;;;;;;;;;;;;;;;;;;;
9045;GM0801;;;;;;;;;;;;;;;;;;;;
9071;GM0802;;;;;;;;;;;;;;;;;;;;
9097;GM0800;;;;;;;;;;;;;;;;;;;;
9123;GM0118;2867;3358;3314;3521;2870;13051;15091;8636;2969;1520;15890;12720;10850;14690;    30.6;    23.9;4130;     0.7;     7.6;    19.6
9149;GM0018;;;;;;;;;;;;;;;;;;;;
9175;GM0405;3972;4124;4209;4596;3895;18156;20372;10797;2685;0;43500;20390;8760;160;    33.3;    32.5;5975;     0.6;     9.1;    35.3
9201;GM0923;;;;;;;;;;;;;;;;;;;;
9227;GM1507;1852;2061;2392;2754;2266;9059;13185;6564;2138;0;1170;7650;12100;21350;    18.9;    17.7;3565;     0.8;     3.9;     6.8
9253;GM0321;2814;3315;3798;3424;2398;11447;15656;5239;1488;0;28330;11610;6120;3520;    23.5;    19.7;4585;     0.7;     6.6;    18.3
9279;GM0803;;;;;;;;;;;;;;;;;;;;
9305;GM0255;;;;;;;;;;;;;;;;;;;;
9331;GM0406;1967;2141;2490;2538;1964;8256;12879;7061;2073;12050;17400;7870;2920;1130;    13.7;    18.2;4200;     0.6;     9.3;    31.7
9357;GM0677;1068;1172;1447;1487;1102;5622;8924;4984;1666;0;0;3050;7070;17350;     7.3;    12.4;2100;     1.0;     3.8;    12.5
9383;GM0256;;;;;;;;;;;;;;;;;;;;
9409;GM0925;;;;;;;;;;;;;;;;;;;;
9435;GM0195;;;;;;;;;;;;;;;;;;;;
9461;GM0191;;;;;;;;;;;;;;;;;;;;
9487;GM0353;1732;2017;2424;2450;1736;7804;10411;4349;1379;3130;19660;10440;570;500;    10.6;    14.3;2950;     0.6;     6.9;    23.8
9513;GM0645;;;;;;;;;;;;;;;;;;;;
9539;GM1884;1261;1435;1511;1736;1336;5779;8209;4170;1188;0;0;4780;11150;10700;     8.0;    11.2;2815;     0.8;     1.3;     7.0
9565;GM0166;3389;3588;3578;3689;3082;13465;13611;6703;2154;2480;19010;12770;9040;9960;    21.0;    21.4;4310;     0.6;     6.8;    24.3
9591;GM0678;672;797;877;854;591;2762;3644;1890;633;0;0;1050;9060;2610;     4.2;     5.2;1140;     0.7;     3.1;     3.1
9617;GM0537;3851;4207;4169;4244;3818;16172;17273;8736;2486;18630;35360;7550;2070;1350;    22.9;    25.9;4415;     0.5;     7.0;    24.9
9643;GM0928;1754;1961;1923;2058;2104;9838;14848;8537;2800;5710;20850;13080;5840;340;    15.3;    22.4;2555;     0.6;     6.0;    17.9
9669;GM0257;;;;;;;;;;;;;;;;;;;;
9695;GM0929;;;;;;;;;;;;;;;;;;;;
9721;GM0258;;;;;;;;;;;;;;;;;;;;
9747;GM0804;;;;;;;;;;;;;;;;;;;;
9773;GM1598;1139;1234;1437;1617;1221;4831;6739;3482;959;0;0;20;10940;11700;     7.5;     9.2;2375;     0.8;     1.5;     2.4
9799;GM0079;681;743;796;818;725;2844;3738;1932;550;0;0;0;4670;8160;     2.7;     5.3;1125;     0.8;     1.9;     2.9
9825;GM0588;600;586;715;706;569;2225;3373;1783;540;0;0;0;520;10580;     2.0;     4.5;995;     0.9;     1.0;     0.6
9851;GM0542;1583;1694;1846;1940;1532;6006;7804;5015;1886;2780;21030;4650;830;10;     8.2;    12.2;2145;     0.7;     6.6;    17.3
9877;GM1931;2854;3140;3371;3762;3217;12030;15812;8778;2680;0;1460;15090;25200;13890;    16.3;    23.1;5490;     0.8;     2.4;     4.9
9903;GM1659;968;1166;1302;1432;1080;4777;6663;3726;1044;0;0;2320;11980;7850;     6.6;     9.3;2075;     0.8;     2.7;     7.7
9929;GM1685;717;852;898;1028;863;3060;4699;2494;721;0;0;0;8490;6840;     5.4;     6.0;1575;     1.0;     1.7;     6.6
9955;GM0882;1473;1618;1729;1950;1667;7839;12297;6967;2072;0;20690;12450;3150;1320;    10.0;    17.5;2030;     0.7;     6.6;    17.7
9981;GM0415;626;676;648;728;509;2420;3499;1785;544;0;0;7410;2390;1630;     2.1;     4.8;1375;     0.6;     3.0;    12.4
10007;GM0325;;;;;;;;;;;;;;;;;;;;
10033;GM0416;1413;1535;1800;1891;1468;6082;8208;4381;1058;0;20;11880;13220;2710;     7.0;    11.4;2475;     0.8;     5.7;     9.4
10059;GM1621;4134;4654;4463;4132;2755;14838;17144;6949;2086;0;20480;27750;9340;3590;    28.0;    23.2;6160;     0.8;     5.3;    16.3
10085;GM0417;460;608;697;681;305;1695;3260;2341;1099;0;0;7060;3130;960;     5.0;     4.9;1905;     0.7;     4.4;    31.4
10111;GM0022;917;1116;1221;1302;850;4095;5940;3207;1021;0;0;5910;6520;7250;     8.9;     8.4;1745;     1.0;     5.2;     7.9
10137;GM0805;;;;;;;;;;;;;;;;;;;;
10163;GM0545;1104;1164;1282;1414;1211;4947;5723;3146;1039;0;5870;9570;2340;3250;     8.1;     8.6;1595;     0.6;     5.4;    14.0
10189;GM0326;;;;;;;;;;;;;;;;;;;;
10215;GM0080;6053;6391;6368;7577;10620;31162;32241;16535;5468;41740;24790;16570;19390;19920;    70.6;    56.9;9745;     0.7;    13.5;    65.3
10241;GM0081;;;;;;;;;;;;;;;;;;;;
10267;GM0546;5666;5556;5428;7276;15351;36392;30245;14106;4286;94880;27700;1460;170;110;    69.6;    56.1;9950;     0.7;    16.5;   143.1
10293;GM0547;1337;1505;1581;1704;1360;5662;8048;4506;1494;14550;5570;6020;860;210;    10.0;    12.0;2055;     0.5;     9.4;    37.6
10319;GM0548;;;;;;;;;;;;;;;;;;;;
10345;GM1916;4022;4169;3946;3866;3188;18030;20655;12370;4701;41560;28610;2410;60;2320;    17.1;    35.5;5900;     0.6;    15.6;    80.4
10371;GM0995;4281;4947;5077;4878;4107;19730;21364;10992;2013;0;35040;19780;15010;7550;    31.0;    33.1;6355;     0.8;     8.7;    27.4
10397;GM0082;;;;;;;;;;;;;;;;;;;;
10423;GM1640;1332;1564;1856;2309;1808;7012;11577;6314;2085;0;0;0;9830;26030;    12.0;    15.3;3100;     1.0;     2.3;     4.8
10449;GM0327;1468;1691;1880;1897;1365;6084;9165;4800;1405;0;9730;8490;7700;3830;    12.9;    12.6;2935;     0.8;     5.4;    13.2
10475;GM0260;;;;;;;;;;;;;;;;;;;;
10501;GM1673;;;;;;;;;;;;;;;;;;;;
10527;GM0806;;;;;;;;;;;;;;;;;;;;
10553;GM0261;;;;;;;;;;;;;;;;;;;;
10579;GM0552;;;;;;;;;;;;;;;;;;;;
10605;GM0807;;;;;;;;;;;;;;;;;;;;
10631;GM0694;;;;;;;;;;;;;;;;;;;;
10657;GM0418;;;;;;;;;;;;;;;;;;;;
10683;GM0733;577;605;722;738;562;2352;3431;1721;426;0;20;60;1320;9740;     3.4;     4.5;1120;     0.7;     2.3;     5.2
10709;GM1705;2093;2654;2947;3083;2093;9900;14173;7454;1975;0;6230;14990;13620;11540;    11.8;    19.3;3600;     0.8;     3.9;     8.0
10735;GM0553;1101;1228;1299;1343;1136;5006;6638;3741;1254;0;12950;6470;1720;1600;     8.1;    10.1;2065;     0.6;     7.7;    25.5
10761;GM0808;;;;;;;;;;;;;;;;;;;;
10787;GM0140;;;;;;;;;;;;;;;;;;;;
10813;GM0262;1296;1559;2003;2162;1258;5684;10472;6721;2419;0;2450;7200;4810;19120;    11.6;    14.5;3535;     1.1;     2.5;     8.7
10839;GM0329;;;;;;;;;;;;;;;;;;;;
10865;GM0809;1056;1134;1292;1366;1171;5016;7041;3866;1178;0;4020;7670;8210;3230;     9.2;     9.9;2135;     0.5;     5.8;    11.1
10891;GM0330;;;;;;;;;;;;;;;;;;;;
10917;GM0331;734;783;1007;1151;922;3050;4368;1916;464;0;0;40;5250;9100;     4.2;     5.5;1600;     0.8;     0.8;     2.3
10943;GM0024;415;544;570;588;466;1872;3184;1644;449;0;0;0;0;9730;     1.4;     4.3;850;     1.4;     0.5;     2.1
10969;GM0168;971;1170;1336;1430;1073;4583;6906;4005;1073;0;0;5760;9160;7630;     6.9;     9.2;1755;     0.9;     2.5;     7.1
10995;GM0810;;;;;;;;;;;;;;;;;;;;
11021;GM0811;;;;;;;;;;;;;;;;;;;;
11047;GM0332;;;;;;;;;;;;;;;;;;;;
11073;GM0333;;;;;;;;;;;;;;;;;;;;
11099;GM0334;;;;;;;;;;;;;;;;;;;;
11125;GM0933;;;;;;;;;;;;;;;;;;;;
11151;GM0934;;;;;;;;;;;;;;;;;;;;
11177;GM1671;;;;;;;;;;;;;;;;;;;;
11203;GM0263;1250;1293;1468;1543;1217;5466;7606;3502;1005;0;0;960;10770;12620;     9.3;     9.9;3135;     0.8;     2.0;     5.1
11229;GM1641;884;862;1081;1348;1052;4565;7892;4607;1406;0;0;0;7480;16220;     6.5;    10.4;2110;     0.8;     1.4;     5.9
11255;GM0555;;;;;;;;;;;;;;;;;;;;
11281;GM0556;1671;1729;1743;1815;1647;7697;8827;5797;1592;3490;23060;5220;650;100;     7.4;    14.6;2125;     0.6;     7.0;    21.5
11307;GM0935;4284;4238;4439;7959;15786;29028;31558;18925;6506;46530;48710;15750;8410;3320;    76.0;    54.7;9330;     0.6;    12.5;   114.8
11333;GM1665;;;;;;;;;;;;;;;;;;;;
11359;GM0812;;;;;;;;;;;;;;;;;;;;
11385;GM0936;;;;;;;;;;;;;;;;;;;;
11411;GM0686;;;;;;;;;;;;;;;;;;;;
11437;GM0169;;;;;;;;;;;;;;;;;;;;
11463;GM1663;447;486;574;577;423;1981;3176;1889;505;0;0;0;0;10060;     2.4;     4.7;985;     1.1;     1.0;     2.9
11489;GM0025;494;545;630;734;555;2270;3320;1517;423;0;0;0;3590;6900;     2.4;     4.3;970;     1.1;     1.4;     3.2
11515;GM0264;;;;;;;;;;;;;;;;;;;;
11541;GM0420;2200;2449;2799;2887;2310;9643;13271;7233;1688;0;0;4470;17970;22040;    18.1;    18.5;4680;     0.7;     2.2;     7.5
11567;GM0993;;;;;;;;;;;;;;;;;;;;
11593;GM0938;718;823;992;1078;860;3498;6141;3696;1233;0;0;870;10420;7750;     3.8;     8.4;1500;     0.8;     2.9;    10.9
11619;GM1948;3939;4220;4590;5255;4130;18113;24026;12079;3796;0;13640;27200;18890;20410;    46.3;    33.6;8105;     0.8;     4.8;    15.5
11645;GM0941;;;;;;;;;;;;;;;;;;;;
11671;GM0083;;;;;;;;;;;;;;;;;;;;
11697;GM1908;;;;;;;;;;;;;;;;;;;;
11723;GM1987;;;;;;;;;;;;;;;;;;;;
11749;GM0119;1646;1936;2149;2095;1641;7995;9500;4911;1537;0;10520;9610;7200;6080;    19.1;    14.8;2655;     1.0;     5.3;    19.6
11775;GM0687;2347;2614;2762;3155;2641;10946;13382;7806;2650;12220;15580;8570;7460;4480;    21.2;    21.9;3475;     0.7;     7.4;    37.5
11801;GM0559;;;;;;;;;;;;;;;;;;;;
11827;GM1842;1020;1182;1203;1345;1142;4084;5913;2558;891;3330;3310;1790;9080;1830;     6.2;     7.7;1860;     0.7;     7.6;    34.9
11853;GM1731;1401;1603;1938;2229;1543;6388;10534;5813;1723;0;0;2600;7940;22630;    12.1;    14.2;2945;     1.2;     2.1;     4.9
11879;GM1952;2745;3176;3372;3779;2992;12927;19031;10104;2827;0;15620;6230;9910;29180;    18.8;    27.2;4150;     0.9;     4.6;     9.6
11905;GM0688;;;;;;;;;;;;;;;;;;;;
11931;GM1697;;;;;;;;;;;;;;;;;;;;
11957;GM0814;;;;;;;;;;;;;;;;;;;;
11983;GM0815;413;515;640;717;574;2164;3532;1711;565;0;0;0;2550;8280;     3.4;     4.5;1060;     1.0;     2.1;     2.9
12009;GM0265;;;;;;;;;;;;;;;;;;;;
12035;GM1709;1644;1974;2087;2299;1710;7953;11450;6067;1783;0;5120;6060;12150;13640;    21.5;    16.0;3700;     0.7;     1.8;     6.7
12061;GM0816;;;;;;;;;;;;;;;;;;;;
12087;GM1978;;;;;;;;;;;;;;;;;;;;
12113;GM1927;1737;1971;2159;2278;1994;6373;7699;4011;1073;0;0;2520;8230;18540;    10.3;    10.8;2670;     0.7;     1.7;     3.4
12139;GM0562;;;;;;;;;;;;;;;;;;;;
12165;GM1955;1456;1573;1963;2299;1792;6995;11465;6233;1851;0;1090;11500;9210;13830;    16.4;    15.3;2975;     0.9;     3.5;     8.8
12191;GM0335;741;834;965;1001;784;3024;3923;2129;478;0;0;3030;8140;2710;     4.8;     5.6;1435;     0.7;     1.7;     6.8
12217;GM0944;249;322;462;513;322;1236;2619;1593;452;0;0;0;3300;4460;     1.6;     3.5;690;     0.7;     2.5;     7.5
12243;GM0563;;;;;;;;;;;;;;;;;;;;
12269;GM0424;;;;;;;;;;;;;;;;;;;;
12295;GM0565;;;;;;;;;;;;;;;;;;;;
12321;GM0425;;;;;;;;;;;;;;;;;;;;
12347;GM1740;1652;1587;1698;1794;1562;5197;6183;3069;873;0;0;0;12230;11380;    10.0;     8.6;2380;     0.7;     1.6;     3.9
12373;GM0426;;;;;;;;;;;;;;;;;;;;
12399;GM0643;;;;;;;;;;;;;;;;;;;;
12425;GM0946;724;808;863;1021;903;3566;5356;2913;884;0;0;4160;4520;8350;     5.5;     7.2;1860;     0.9;     2.9;     5.6
12451;GM0266;;;;;;;;;;;;;;;;;;;;
12477;GM0304;744;720;885;882;625;2710;3728;1661;442;0;0;0;0;12400;     5.8;     4.8;1520;     0.8;     0.9;     0.5
12503;GM0412;;;;;;;;;;;;;;;;;;;;
12529;GM0356;3239;3244;3245;3544;3194;15870;17963;10031;2096;12990;33970;11660;3490;320;    45.2;    28.3;5200;     0.6;     9.9;    29.3
12555;GM0567;;;;;;;;;;;;;;;;;;;;
12581;GM0817;;;;;;;;;;;;;;;;;;;;
12607;GM0569;1405;1487;1591;1814;1584;6118;8677;4428;1165;0;0;1630;11200;15440;     8.3;    11.4;3030;     1.3;     1.9;     4.8
12633;GM0571;;;;;;;;;;;;;;;;;;;;
12659;GM0170;;;;;;;;;;;;;;;;;;;;
12685;GM0818;;;;;;;;;;;;;;;;;;;;
12711;GM0104;;;;;;;;;;;;;;;;;;;;
12737;GM0121;;;;;;;;;;;;;;;;;;;;
12763;GM0267;2494;2661;2798;2858;2161;9837;11738;5997;1763;0;11160;14450;10420;6280;    22.9;    16.8;4400;     0.7;     5.0;    14.8
12789;GM0268;8390;8223;7728;10158;21830;49504;43058;20649;6408;62810;73890;19230;19360;660;   101.1;    81.0;13385;     0.6;    12.7;    76.6
12815;GM1930;4152;4525;4406;4905;4726;20442;25470;12519;3448;30020;27890;10940;9260;6480;    20.0;    38.1;4655;     0.6;     8.1;    20.5
12841;GM1970;;;;;;;;;;;;;;;;;;;;
12867;GM1695;283;304;353;360;298;1430;2317;1518;451;0;0;0;0;7310;     1.9;     3.5;870;     1.1;     1.4;     5.5
12893;GM1699;1498;1774;2007;2034;1220;5983;9642;6177;2035;0;700;7460;10650;13560;     8.9;    13.7;2645;     1.1;     3.1;     8.1
12919;GM0529;;;;;;;;;;;;;;;;;;;;
12945;GM0171;2673;2938;3140;3258;2402;11187;13081;6145;1801;0;6380;10200;6830;23220;    22.9;    18.9;4810;     1.0;     4.0;     6.9
12971;GM0575;1133;1363;1381;1460;1344;5878;7859;4396;1242;980;15350;5250;3000;1470;    12.3;    11.7;2890;     0.5;     5.5;    45.7
12997;GM0576;765;841;903;1102;859;3836;4891;2628;780;0;6120;5150;1330;4010;     6.7;     7.3;1690;     0.8;     4.6;    17.1
13023;GM0577;;;;;;;;;;;;;;;;;;;;
13049;GM0120;;;;;;;;;;;;;;;;;;;;
13075;GM0820;1070;1118;1307;1405;1005;4305;7014;4535;1260;0;5180;9030;4600;4210;     6.5;     9.9;2380;     0.8;     5.7;    19.1
13101;GM0302;1611;1647;1709;1859;1578;5960;7354;3970;1426;0;0;11390;6990;8730;    12.0;    10.6;2590;     0.8;     5.0;    18.7
13127;GM0951;566;657;707;756;697;2995;4761;3062;1000;0;0;20;7110;8080;     5.2;     6.8;1275;     0.9;     2.3;     7.8
13153;GM0429;;;;;;;;;;;;;;;;;;;;
13179;GM0122;;;;;;;;;;;;;;;;;;;;
13205;GM0579;1307;1471;1529;1550;1039;5219;6889;3530;1353;0;17190;4450;2240;10;     6.0;    10.2;1795;     0.6;     6.1;    28.7
13231;GM0823;816;923;1048;1255;993;3708;5983;2910;922;0;0;5090;4000;9470;    10.5;     7.5;2110;     1.1;     2.0;    10.6
13257;GM0824;1107;1364;1514;1617;1256;5310;7841;4504;1619;0;3890;9140;9760;3350;     9.6;    11.1;3085;     0.7;     5.0;    25.9
13283;GM1895;1532;1776;2063;2191;1796;7655;11987;6899;2176;0;5380;7180;8990;16520;    13.0;    17.8;2660;     0.9;     3.9;    11.5
13309;GM0269;1352;1492;1486;1569;1325;5315;6729;3184;1052;0;0;6950;7070;9480;     7.4;     9.1;2015;     0.8;     3.1;     3.1
13335;GM0173;1441;1877;2013;1961;1535;6938;9046;5406;1698;1580;12630;8830;7450;1420;    18.2;    13.8;2580;     0.7;     7.7;    24.3
13361;GM0174;;;;;;;;;;;;;;;;;;;;
13387;GM1773;816;929;1097;1194;943;3569;5719;2852;904;0;0;0;9040;8980;     4.8;     7.4;1505;     1.1;     1.5;     6.8
13413;GM0175;873;1020;1070;1130;821;3766;5162;2890;898;0;0;3070;5500;9050;     6.5;     7.2;1710;     1.0;     2.7;     9.9
13439;GM0881;311;315;392;487;342;1562;2674;1365;409;0;0;0;4450;3410;     0.6;     3.5;515;     0.6;     2.5;     6.9
13465;GM1586;1333;1464;1820;2138;1490;6031;9156;4793;1447;0;0;10420;10210;9040;    16.0;    12.2;2660;     0.8;     3.1;     6.4
13491;GM0825;;;;;;;;;;;;;;;;;;;;
13517;GM0692;;;;;;;;;;;;;;;;;;;;
13543;GM0123;;;;;;;;;;;;;;;;;;;;
13569;GM0826;2693;2787;2974;3335;2787;12141;16395;9399;2636;3190;24510;13890;7620;5940;    27.4;    24.4;4960;     0.6;     6.5;    33.2
13595;GM0580;;;;;;;;;;;;;;;;;;;;
13621;GM0085;1138;1271;1423;1585;1120;5244;7756;4464;1458;0;0;1520;9230;14700;     7.6;    11.1;2225;     1.0;     2.0;     5.8
13647;GM0431;486;499;564;658;502;2079;3014;1487;446;0;0;6180;2630;920;     3.0;     4.1;925;     0.6;     6.9;     9.9
13673;GM0176;;;;;;;;;;;;;;;;;;;;
13699;GM0432;527;578;740;788;679;2459;3364;1900;491;0;0;0;7330;4200;     4.5;     4.7;1225;     0.8;     2.5;     4.0
13725;GM0086;1326;1681;1903;2045;1489;5948;9216;4624;1521;0;0;770;9290;19700;     8.1;    12.4;2720;     0.9;     1.9;     2.8
13751;GM0828;4444;4612;5048;5873;5091;21207;27000;13538;4138;9930;27830;18620;14460;20110;    39.9;    39.4;7995;     0.7;     8.8;    31.8
13777;GM0829;;;;;;;;;;;;;;;;;;;;
13803;GM0831;;;;;;;;;;;;;;;;;;;;
13829;GM0584;1286;1409;1505;1633;1204;5377;6967;3754;1166;0;9790;9250;4760;510;    10.5;    10.1;2090;     0.8;     5.1;    22.1
13855;GM1509;1641;1959;2257;2602;1998;7731;12359;6833;2140;0;0;6020;21710;11790;    15.3;    16.9;3280;     0.8;     3.8;     6.1
13881;GM0830;;;;;;;;;;;;;;;;;;;;
13907;GM0437;718;746;885;868;614;2791;4120;2091;663;1590;1430;3990;5900;590;    17.0;     5.9;1970;     0.7;     3.8;    20.8
13933;GM0644;;;;;;;;;;;;;;;;;;;;
13959;GM0589;538;589;623;659;567;2207;2953;1573;471;0;0;3480;4440;2260;     3.3;     4.2;1275;     0.9;     1.7;     4.9
13985;GM1734;2561;2846;3096;3360;2182;10316;14282;6992;1846;0;5230;8250;21610;12390;    20.2;    19.3;4365;     0.7;     2.6;     7.1
14011;GM0590;1580;1811;1902;2054;1702;7293;8975;5306;1641;5590;17220;5950;3480;30;    14.3;    14.0;2325;     0.6;     5.0;    14.9
14037;GM1894;1814;2087;2433;2614;2320;9356;13449;7180;2059;0;0;5840;20220;17250;    16.7;    17.9;3660;     0.8;     3.1;     8.0
14063;GM0124;;;;;;;;;;;;;;;;;;;;
14089;GM0765;604;639;601;736;629;2677;3667;2102;590;0;0;0;5820;6420;     2.6;     5.5;680;     0.8;     1.6;     3.8
14115;GM0594;;;;;;;;;;;;;;;;;;;;
14141;GM1926;3048;3792;4234;3797;2792;12523;15691;5811;1946;0;30590;16180;5250;1620;    15.3;    20.4;4470;     0.7;     4.2;    15.0
14167;GM0832;;;;;;;;;;;;;;;;;;;;
14193;GM0439;3612;4018;4421;4945;4569;18658;24322;11474;3964;27600;41320;9620;1360;90;    25.6;    35.5;5575;     0.6;    10.3;    35.8
14219;GM0833;;;;;;;;;;;;;;;;;;;;
14245;GM0273;1276;1447;1547;1607;1444;5386;6755;3599;1252;0;3190;10020;4930;6180;     8.7;     9.6;2635;     0.8;     6.5;    15.9
14271;GM0177;1792;1950;2208;2386;1968;7505;11509;5861;1979;0;1120;8200;11410;16430;    14.6;    15.3;3045;     1.0;     3.1;     9.5
14297;GM0834;;;;;;;;;;;;;;;;;;;;
14323;GM0835;;;;;;;;;;;;;;;;;;;;
14349;GM0595;;;;;;;;;;;;;;;;;;;;
14375;GM1661;;;;;;;;;;;;;;;;;;;;
14401;GM0703;1558;1623;1592;1500;1435;5509;5585;2726;1027;0;0;1410;11460;9690;     8.5;     8.9;2005;     0.6;     1.2;     5.3
14427;GM0274;1223;1558;1826;1751;1141;5614;9690;6139;2396;0;0;14220;12940;4180;     9.9;    14.3;3005;     0.7;     2.9;     8.9
14453;GM0339;385;353;376;369;322;1286;1311;640;133;0;0;0;3070;2100;     4.4;     1.9;685;     0.8;     1.1;     4.0
14479;GM0836;;;;;;;;;;;;;;;;;;;;
14505;GM1667;700;740;729;693;689;3148;3888;1954;499;0;0;1500;6250;5300;     3.4;     5.4;1350;     0.7;     2.1;     6.2
14531;GM0275;1811;2098;2246;2539;2157;8784;12588;7937;3367;3750;15520;12750;6960;4550;    16.4;    20.2;3285;     0.5;     6.1;    13.4
14557;GM0340;1065;1200;1317;1302;1002;4241;5506;3149;1034;0;1460;7220;5690;5450;     5.7;     8.1;1905;     0.7;     3.2;     8.5
14583;GM0597;2189;2334;2253;2500;2532;9919;13014;8070;2978;2360;29140;10110;1450;2730;    20.8;    20.5;3690;     0.6;     5.8;    20.8
14609;GM0837;;;;;;;;;;;;;;;;;;;;
14635;GM0602;;;;;;;;;;;;;;;;;;;;
14661;GM0196;;;;;;;;;;;;;;;;;;;;
14687;GM1672;;;;;;;;;;;;;;;;;;;;
14713;GM0841;;;;;;;;;;;;;;;;;;;;
14739;GM0178;;;;;;;;;;;;;;;;;;;;
14765;GM1742;2436;2596;2720;2680;2274;8775;9704;5061;1851;0;11830;8570;12620;5090;    20.7;    14.1;3110;     0.7;     5.5;    16.2
14791;GM0603;3162;2743;2310;2292;2375;13916;13804;8102;3504;42070;6330;2260;1520;20;    30.9;    25.2;4475;     0.6;    18.2;    69.0
14817;GM0125;;;;;;;;;;;;;;;;;;;;
14843;GM1669;793;907;950;1102;911;4035;6746;4125;1159;0;0;0;5690;15040;     4.3;     9.2;1485;     0.9;     2.1;     2.7
14869;GM0957;2742;2949;2821;3175;2949;14445;16934;8974;2772;8770;15790;10190;18080;4930;    40.3;    27.3;4610;     0.7;     9.6;    43.2
14895;GM1670;;;;;;;;;;;;;;;;;;;;
14921;GM0126;;;;;;;;;;;;;;;;;;;;
14947;GM0736;2019;2241;2644;2937;2246;8802;13963;6729;2039;0;6830;10550;18200;8040;    14.3;    18.5;5225;     0.8;     3.2;    12.0
14973;GM1674;3691;3941;4077;4631;4298;17344;22922;12257;3839;13000;32790;13900;10270;7040;    39.5;    34.3;6130;     0.7;     7.4;    29.0
14999;GM0838;;;;;;;;;;;;;;;;;;;;
15025;GM0839;;;;;;;;;;;;;;;;;;;;
15051;GM0276;;;;;;;;;;;;;;;;;;;;
15077;GM0599;36724;34996;31702;35494;50183;194084;158382;71384;25763;445860;124140;45190;18250;5270;   401.0;   301.9;58260;     0.5;    25.9;   145.5
15103;GM0600;;;;;;;;;;;;;;;;;;;;
15129;GM0277;67;95;122;102;48;222;501;295;123;0;40;680;560;300;     0.4;     0.6;185;     0.7;     8.2;    15.8
15155;GM0840;914;930;993;1194;1121;4661;7680;3932;976;0;0;5010;10310;7080;     4.6;     9.6;2295;     0.8;     3.7;     7.7
15181;GM0127;;;;;;;;;;;;;;;;;;;;
15207;GM0128;;;;;;;;;;;;;;;;;;;;
15233;GM0278;;;;;;;;;;;;;;;;;;;;
15259;GM0704;;;;;;;;;;;;;;;;;;;;
15285;GM0604;;;;;;;;;;;;;;;;;;;;
15311;GM0441;1885;2493;2787;2979;2413;9344;13664;8594;2220;0;8250;6640;8870;22620;    18.3;    20.1;4660;     0.9;     3.6;    12.8
15337;GM0039;;;;;;;;;;;;;;;;;;;;
15363;GM0458;;;;;;;;;;;;;;;;;;;;
15389;GM0279;632;673;596;691;604;2285;2453;1407;410;0;0;4390;4740;620;     3.7;     3.9;935;     0.6;     2.3;     5.8
15415;GM0606;4163;4226;4090;4482;4894;21126;21544;9937;3445;55050;17830;4660;280;90;    34.4;    36.0;5895;     0.5;    15.6;    46.3
15441;GM0088;26;33;40;41;45;189;296;195;67;0;0;0;0;930;     0.5;     0.5;120;     0.5;     1.0;     4.5
15467;GM0844;;;;;;;;;;;;;;;;;;;;
15493;GM0962;528;614;631;698;592;2491;4056;2519;782;0;150;260;5400;7100;     2.4;     5.6;945;     0.7;     4.8;    11.4
15519;GM0607;;;;;;;;;;;;;;;;;;;;
15545;GM0129;;;;;;;;;;;;;;;;;;;;
15571;GM0608;;;;;;;;;;;;;;;;;;;;
15597;GM0444;;;;;;;;;;;;;;;;;;;;
15623;GM1676;1444;1571;1763;1953;1497;6411;10143;6628;2277;0;0;5670;7240;20780;    11.6;    15.2;3875;     1.1;     2.3;    12.0
15649;GM0964;;;;;;;;;;;;;;;;;;;;
15675;GM0965;409;457;523;552;444;2110;3397;2054;615;0;0;0;8780;1780;     1.7;     4.8;655;     0.9;     2.4;     9.8
15701;GM1702;521;498;684;829;623;2252;3792;1688;690;0;0;0;2220;9360;     3.4;     4.6;1300;     1.2;     1.6;     3.3
15727;GM0845;1357;1610;1747;1971;1275;5842;8791;4584;1496;0;0;1520;18740;8420;     6.8;    11.7;2980;     0.7;     3.0;     5.0
15753;GM0846;;;;;;;;;;;;;;;;;;;;
15779;GM0968;;;;;;;;;;;;;;;;;;;;
15805;GM1883;3648;4014;4210;5040;4910;20613;29148;15836;5537;6170;33520;21810;22380;9070;    54.2;    44.3;6750;     0.7;     6.9;    31.3
15831;GM0051;;;;;;;;;;;;;;;;;;;;
15857;GM0130;;;;;;;;;;;;;;;;;;;;
15883;GM0610;1571;1523;1479;1527;1382;6224;6412;3504;1398;0;14160;5700;4980;180;    15.7;    10.3;1860;     0.6;     4.9;     8.6
15909;GM0040;;;;;;;;;;;;;;;;;;;;
15935;GM1714;956;974;1088;1163;1052;4630;7200;4793;1670;0;0;0;10120;13410;     8.2;    11.2;2695;     1.3;     1.7;    11.4
15961;GM1698;;;;;;;;;;;;;;;;;;;;
15987;GM0090;2784;3131;3350;3763;2858;12663;15915;8637;2788;2530;19310;12580;8840;12640;    30.7;    24.5;4110;     0.7;     8.8;    22.8
16013;GM0131;;;;;;;;;;;;;;;;;;;;
16039;GM0091;;;;;;;;;;;;;;;;;;;;
16065;GM0342;2170;2597;2856;3037;2174;9427;13541;7641;2646;620;20800;14020;8310;2340;    16.0;    20.0;4980;     0.7;     7.7;    23.5
16091;GM0847;959;825;1002;1204;1159;4298;5941;2816;916;0;1010;5030;5010;8080;     7.5;     7.9;2195;     0.8;     3.0;     4.7
16117;GM0848;896;951;1046;1064;741;3512;4721;2609;1213;0;0;0;14830;1930;    13.8;     6.9;1745;     0.7;     4.4;    12.2
16143;GM0612;;;;;;;;;;;;;;;;;;;;
16169;GM0849;;;;;;;;;;;;;;;;;;;;
16195;GM1691;;;;;;;;;;;;;;;;;;;;
16221;GM0179;;;;;;;;;;;;;;;;;;;;
16247;GM0037;1369;1605;1755;1969;1576;6569;9497;5797;2121;0;3710;6450;10130;11960;    11.0;    14.5;2300;     0.9;     4.8;    10.6
16273;GM0850;;;;;;;;;;;;;;;;;;;;
16299;GM0180;1219;1283;1309;1399;1097;3870;4092;1934;594;0;0;70;6290;10440;     7.5;     5.8;1720;     1.1;     2.5;     3.3
16325;GM0532;1175;1166;1304;1431;1172;4853;6031;3770;768;0;3240;12020;6050;350;     5.3;     9.0;1455;     0.6;     4.8;     6.6
16351;GM0851;1048;1124;1204;1397;1633;5735;7566;3936;1138;0;0;7410;9670;7700;     6.3;    11.1;2105;     0.9;     2.6;     7.8
16377;GM0280;;;;;;;;;;;;;;;;;;;;
16403;GM0181;;;;;;;;;;;;;;;;;;;;
16429;GM1708;2169;2254;2596;2917;2132;9219;13039;7106;2336;0;3920;5910;9930;24020;    12.3;    18.9;4255;     0.9;     3.3;    10.3
16455;GM0971;868;960;1281;1359;1074;4915;8022;5084;1424;0;0;12540;7970;4480;     8.5;    11.4;1640;     0.8;     5.2;    10.4
16481;GM1904;3430;3927;3783;3811;3060;14327;19499;9949;2727;0;23300;16190;11070;13960;    20.4;    27.5;6565;     0.7;     5.0;    16.9
16507;GM0973;;;;;;;;;;;;;;;;;;;;
16533;GM0617;357;368;453;552;472;1758;2921;1507;405;0;0;0;6280;2510;     2.3;     3.8;910;     1.2;     1.7;     5.8
16559;GM1900;4304;4985;5707;5967;4262;18568;26428;14848;4525;2370;12530;15150;16260;43280;    34.4;    39.1;8875;     0.9;     4.2;    15.6
16585;GM0974;;;;;;;;;;;;;;;;;;;;
16611;GM0975;;;;;;;;;;;;;;;;;;;;
16637;GM0976;;;;;;;;;;;;;;;;;;;;
16663;GM0853;;;;;;;;;;;;;;;;;;;;
16689;GM0715;2423;2610;2804;3074;2429;11545;16206;9989;3360;0;6540;14550;12040;21300;    27.4;    25.1;3790;     0.9;     3.3;    12.7
16715;GM0093;195;197;215;322;483;1022;1365;864;243;0;0;0;0;4910;     2.1;     2.2;710;     0.8;     1.6;    14.7
16741;GM0854;;;;;;;;;;;;;;;;;;;;
16767;GM0448;522;613;695;828;629;2638;4372;2640;647;0;0;4020;2580;6980;     6.4;     6.3;2055;     1.2;     2.7;    12.2
16793;GM1525;1785;1982;2306;2568;1901;7986;11208;5036;1812;0;21470;8690;4950;1470;    15.0;    15.3;3240;     0.6;     4.1;    12.8
16819;GM0716;1452;1631;1628;1732;1526;5744;7100;3640;1130;0;0;1310;11640;12640;     6.7;    10.3;2250;     0.7;     1.5;     2.2
16845;GM0977;;;;;;;;;;;;;;;;;;;;
16871;GM0281;2044;2250;2509;2833;2427;10096;12068;5669;1569;0;16340;14080;8710;2330;    23.6;    17.8;3375;     0.9;     5.8;    24.6
16897;GM0855;10520;10946;11102;13234;19815;58491;55869;27226;8318;104210;53980;30930;22630;3770;   134.4;    96.5;16425;     0.6;    14.4;    55.0
16923;GM0183;980;1144;1476;1682;1307;4316;6415;2910;983;0;0;0;4540;16670;     6.9;     8.0;2185;     1.1;     1.2;     4.4
16949;GM1700;1834;2164;2393;2404;1797;7606;9530;4796;1379;0;0;2050;18350;13500;    10.9;    13.0;2510;     0.7;     3.5;     4.4
16975;GM1730;1712;1967;2017;2132;1068;6243;10406;5716;2201;0;0;4480;9750;19240;     9.7;    14.0;2820;     0.9;     2.4;     8.8
17001;GM0737;1518;1819;1970;2099;1497;6532;9154;5515;1766;0;0;2630;9710;19540;     7.2;    13.3;2440;     0.8;     2.6;     3.6
17027;GM0282;;;;;;;;;;;;;;;;;;;;
17053;GM0856;2064;2173;2430;2582;2190;9841;11816;6609;2020;850;17040;9220;7600;7020;    27.6;    18.1;4140;     0.6;     9.1;    28.4
17079;GM0857;;;;;;;;;;;;;;;;;;;;
17105;GM0450;695;758;879;922;763;3074;4073;1830;526;0;0;10020;3210;280;     3.8;     5.6;1125;     0.6;     3.0;     8.9
17131;GM0451;1498;1673;1791;1927;1528;6927;8694;3961;1446;0;13900;8330;5850;1360;    11.3;    12.7;2775;     0.8;     5.7;    24.1
17157;GM0184;1978;2022;1864;1784;1656;5407;3907;1517;389;0;0;14490;5810;220;     9.3;     6.1;1720;     0.5;     5.8;    10.1
17183;GM0344;22018;20128;17756;17371;36613;124869;73000;26915;8813;224240;80730;29750;9800;2970;   291.8;   154.6;35425;     0.5;    22.8;   167.8
17209;GM1581;2307;2595;3026;3342;2210;9193;14872;8397;3372;0;4690;7360;26390;10870;    20.0;    20.9;5470;     0.7;     3.3;    13.4
17235;GM0981;303;371;343;552;603;1756;3262;2031;653;0;1030;5210;1010;2630;     1.9;     4.7;640;     1.0;     3.2;    20.3
17261;GM0283;;;;;;;;;;;;;;;;;;;;
17287;GM0619;;;;;;;;;;;;;;;;;;;;
17313;GM0994;549;633;702;850;730;3097;5243;3421;1206;0;0;4000;3740;8690;     5.6;     7.7;1555;     0.9;     2.3;    46.4
17339;GM0720;;;;;;;;;;;;;;;;;;;;
17365;GM0858;1274;1366;1506;1741;1503;6374;9257;5670;1963;0;11790;12050;4800;2010;    11.0;    14.1;2895;     0.6;     6.7;    25.2
17391;GM0047;1187;1514;1506;1683;1336;5830;8380;4639;1433;0;3490;11660;7500;4870;    10.8;    12.4;1725;     0.9;     5.0;    13.8
17417;GM0345;3961;3971;4241;4383;3748;16065;17157;8704;2688;22010;25220;11960;5200;520;    30.8;    27.0;5280;     0.6;    10.5;    36.4
17443;GM0717;1075;1073;1149;1386;1018;4059;6434;4357;1316;0;0;0;6470;15390;     6.8;     9.3;2440;     0.7;     1.6;     9.0
17469;GM0860;;;;;;;;;;;;;;;;;;;;
17495;GM0861;2174;2309;2482;2699;2179;10285;13457;7045;2295;2200;25220;11880;3320;2310;    30.0;    19.4;3555;     0.7;     9.4;    27.1
17521;GM0453;3299;3396;3680;4484;3883;14785;20826;9800;3678;14470;30880;13600;7840;1030;    32.2;    30.2;5535;     0.6;     6.9;    28.5
17547;GM0454;;;;;;;;;;;;;;;;;;;;
17573;GM0983;4589;4936;5256;5707;5699;23740;29952;16037;5276;17220;36840;18530;18160;10440;    66.8;    46.3;7535;     0.6;    10.0;    38.9
17599;GM0984;1992;2131;2368;2906;2277;9637;13168;6918;1944;0;11410;11090;4790;16050;    35.8;    18.5;3410;     0.9;     5.5;    14.0
17625;GM0862;;;;;;;;;;;;;;;;;;;;
17651;GM0620;1052;1103;1213;1262;1033;4602;5661;3192;849;0;0;9360;6440;4170;    11.7;     8.3;1930;     0.6;     3.2;     8.9
17677;GM0863;;;;;;;;;;;;;;;;;;;;
17703;GM1961;;;;;;;;;;;;;;;;;;;;
17729;GM0622;3951;3893;3683;3848;4082;17862;19489;11055;4187;46150;21540;3740;540;90;    20.6;    33.7;4515;     0.6;    12.1;    35.0
17755;GM0048;;;;;;;;;;;;;;;;;;;;
17781;GM0132;;;;;;;;;;;;;;;;;;;;
17807;GM0347;;;;;;;;;;;;;;;;;;;;
17833;GM0096;32;35;60;55;102;262;377;164;45;0;0;0;0;1130;     0.6;     0.6;185;     0.7;     3.0;     9.9
17859;GM0864;;;;;;;;;;;;;;;;;;;;
17885;GM0718;1975;2248;2297;2402;2699;10268;12481;7590;2525;8480;22210;10810;2360;630;    17.2;    21.4;2540;     0.7;     7.0;    24.4
17911;GM0623;;;;;;;;;;;;;;;;;;;;
17937;GM0986;543;543;590;687;500;2322;3943;2502;760;0;0;0;6170;6220;     1.9;     5.5;980;     0.9;     2.3;     6.6
17963;GM0624;;;;;;;;;;;;;;;;;;;;
17989;GM0625;;;;;;;;;;;;;;;;;;;;
18015;GM0626;1357;1556;1622;1517;1133;5256;7167;4169;1676;1500;15190;7500;990;280;     5.2;    11.0;2020;     0.6;     7.4;    29.5
18041;GM0285;1161;1273;1382;1525;1151;4612;7593;4241;1372;0;0;6180;4860;13270;    10.1;     9.9;2335;     0.9;     2.5;     6.7
18067;GM0286;;;;;;;;;;;;;;;;;;;;
18093;GM0133;;;;;;;;;;;;;;;;;;;;
18119;GM0186;;;;;;;;;;;;;;;;;;;;
18145;GM0865;1421;1602;1522;1565;1171;5904;7863;3866;1504;0;8320;10570;5090;2430;    12.2;    11.0;2830;     0.8;     4.8;    25.3
18171;GM1949;2145;2465;2900;3018;2236;9644;13964;7600;2129;0;740;4670;7750;32950;    13.2;    20.0;3830;     0.8;     2.2;     3.0
18197;GM0866;831;1004;1001;1090;670;3396;4999;2897;1187;0;0;2890;12230;1960;     4.1;     7.3;1650;     0.8;     3.3;    15.1
18223;GM0867;2359;2468;2567;2755;2344;11628;13671;7656;2277;0;16650;12010;13900;5170;    29.5;    21.1;4685;     0.6;     6.9;    25.7
18249;GM0627;1642;1549;1582;1652;1535;6660;7483;4145;1330;0;16750;4330;5430;1070;    11.6;    11.5;2445;     0.7;     9.0;    20.9
18275;GM0289;1489;1644;1694;2411;6201;10191;8652;4435;1695;10870;14910;6230;3730;2670;    18.7;    15.1;2665;     0.6;     8.1;    37.9
18301;GM0628;;;;;;;;;;;;;;;;;;;;
18327;GM0291;;;;;;;;;;;;;;;;;;;;
18353;GM0869;;;;;;;;;;;;;;;;;;;;
18379;GM0629;1103;1542;1860;1869;992;4312;7788;4547;2071;1260;12450;4760;2200;5410;     7.3;    11.1;2625;     0.8;     4.1;    22.5
18405;GM0630;;;;;;;;;;;;;;;;;;;;
18431;GM0852;802;926;1034;1004;783;3224;5350;3207;929;0;0;5740;3660;7860;     3.3;     7.4;1860;     0.7;     1.2;     8.0
18457;GM0188;;;;;;;;;;;;;;;;;;;;
18483;GM0988;2256;2351;2555;2941;2693;11010;14817;8520;2712;2170;15230;12880;11810;7770;    24.8;    22.1;4145;     0.7;     7.7;    29.3
18509;GM0457;1063;1080;1012;992;861;4763;5583;2789;1004;0;14460;2000;1930;760;     9.1;     8.8;2170;     0.8;     4.6;    23.5
18535;GM0292;;;;;;;;;;;;;;;;;;;;
18561;GM0870;1463;1666;1685;1764;1492;6053;7589;4106;1161;0;0;5310;9410;12260;     8.8;    10.7;2800;     0.8;     1.8;     3.9
18587;GM0459;;;;;;;;;;;;;;;;;;;;
18613;GM1960;;;;;;;;;;;;;;;;;;;;
18639;GM0668;832;937;1012;1194;926;3901;6217;3049;823;0;0;0;5670;13220;     5.1;     8.0;2135;     0.8;     1.8;     3.8
18665;GM0134;;;;;;;;;;;;;;;;;;;;
18691;GM0871;;;;;;;;;;;;;;;;;;;;
18717;GM0558;;;;;;;;;;;;;;;;;;;;
18743;GM1969;;;;;;;;;;;;;;;;;;;;
18769;GM0725;;;;;;;;;;;;;;;;;;;;
18795;GM1701;732;783;1065;1143;706;3273;6185;3965;1300;0;0;0;0;19150;     7.3;     8.4;1995;     1.4;     0.8;     4.2
18821;GM0293;712;759;812;863;780;3382;4976;2179;552;0;1350;10750;2810;110;     2.1;     6.6;940;     0.6;     4.4;     7.1
18847;GM1950;931;1177;1255;1407;1020;4532;7874;4951;1537;0;0;0;4740;19940;     7.2;    11.1;2025;     1.2;     1.8;     3.3
18873;GM0726;;;;;;;;;;;;;;;;;;;;
18899;GM1783;5504;6037;6304;6610;6794;25852;30167;15437;4787;9540;42270;21550;24870;9260;    75.0;    44.9;12220;     0.7;     5.4;    13.8
18925;GM0098;1186;1311;1429;1607;1220;5324;7708;4375;1560;0;910;7010;4360;13450;     6.7;    11.2;2470;     0.8;     2.9;     6.3
18951;GM0614;536;652;754;864;635;2558;4730;2785;994;0;0;0;10620;3890;     3.1;     6.5;1455;     0.9;     1.5;     8.9
18977;GM0189;1324;1408;1582;1611;1249;5322;6812;3801;1149;0;0;4650;13570;6040;     7.2;     9.4;2205;     0.9;     3.9;     8.1
19003;GM0462;;;;;;;;;;;;;;;;;;;;
19029;GM0463;;;;;;;;;;;;;;;;;;;;
19055;GM0296;1816;2189;2541;2687;1969;8691;12685;6562;1707;0;13510;10420;9370;7540;    15.7;    17.4;3535;     0.8;     6.2;    15.8
19081;GM1696;1018;1236;1407;1499;960;4290;7629;4305;1315;0;10;3160;10960;9540;     6.7;    10.3;3345;     0.8;     2.4;     7.5
19107;GM0190;;;;;;;;;;;;;;;;;;;;
19133;GM0135;;;;;;;;;;;;;;;;;;;;
19159;GM0352;1234;1267;1418;1603;1143;4921;7706;3583;803;0;5440;10180;2170;5900;     5.9;     9.9;2260;     0.7;     4.3;    13.4
19185;GM0872;;;;;;;;;;;;;;;;;;;;
19211;GM0052;;;;;;;;;;;;;;;;;;;;
19237;GM0053;603;818;901;933;565;2600;4155;2354;631;0;0;0;6010;7550;     2.4;     5.8;1065;     0.8;     1.8;     2.6
19263;GM0294;1232;1416;1795;1823;1472;6023;8765;4836;1625;0;9770;8910;4190;6110;    12.4;    12.5;2535;     0.8;     9.4;    22.3
19289;GM0295;;;;;;;;;;;;;;;;;;;;
19315;GM0990;;;;;;;;;;;;;;;;;;;;
19341;GM0873;933;1020;1092;1336;1024;4487;6733;4102;1073;0;0;4680;12080;5030;     8.8;     9.4;1715;     0.7;     3.0;     9.0
19367;GM0632;2843;3215;3388;3560;2554;12056;14752;7279;2111;1770;16980;12120;13100;7790;    25.3;    21.4;5295;     0.6;     4.8;    23.4
19393;GM0466;;;;;;;;;;;;;;;;;;;;
19419;GM1690;1070;1155;1375;1692;1104;4428;7557;4076;1460;0;0;0;4130;19790;     5.9;    10.0;2610;     1.2;     1.0;     3.7
19445;GM0880;649;763;900;1095;885;3029;5050;2785;839;0;9220;1920;1050;3810;     4.0;     6.9;1415;     0.8;     4.7;    19.8
19471;GM0351;841;869;898;921;702;2936;3427;1810;617;0;0;6010;5540;1470;     4.5;     5.0;1190;     0.7;     3.2;     4.3
19497;GM0874;755;791;951;927;704;3256;4331;2267;652;0;0;0;3630;11010;     5.3;     6.0;1500;     0.7;     2.0;     4.1
19523;GM0875;;;;;;;;;;;;;;;;;;;;
19549;GM0710;;;;;;;;;;;;;;;;;;;;
19575;GM0683;;;;;;;;;;;;;;;;;;;;
19601;GM0479;8540;8610;8829;9247;8649;39675;43535;21408;6372;37960;72170;22730;14190;7810;    57.6;    68.8;12795;     0.7;    10.0;    29.5
19627;GM0297;1647;1746;1943;1979;1612;6394;7760;3841;1092;0;2600;6110;3440;15870;    16.4;    11.1;3090;     0.7;     2.5;     9.3
19653;GM0473;677;738;810;834;748;3528;5275;3339;1021;3860;8570;1350;1710;1490;     4.1;     8.3;1925;     0.8;     3.8;    56.7
19679;GM0707;893;872;852;941;831;3170;3828;2000;617;0;0;0;750;13260;     5.2;     5.4;1530;     0.8;     0.8;     2.1
19705;GM0478;;;;;;;;;;;;;;;;;;;;
19731;GM0050;1178;1345;1609;1769;1423;5389;6953;2159;582;0;0;10010;9130;3260;     9.9;     9.1;2490;     1.2;     4.9;     8.2
19757;GM0355;3548;3695;3915;4050;3448;14404;17230;9379;3653;9210;27720;9890;10110;6390;    32.5;    27.3;6240;     0.7;     9.3;    42.0
19783;GM0298;;;;;;;;;;;;;;;;;;;;
19809;GM0299;1939;2161;2367;2503;2055;9228;12944;7981;2224;1440;11460;6350;7510;16650;    15.4;    19.4;3315;     0.9;     4.0;    15.1
19835;GM0878;;;;;;;;;;;;;;;;;;;;
19861;GM1666;;;;;;;;;;;;;;;;;;;;
19887;GM0732;;;;;;;;;;;;;;;;;;;;
19913;GM0476;;;;;;;;;;;;;;;;;;;;
19939;GM0637;6721;7417;7129;7484;6988;30686;35940;17747;4583;52020;57970;11190;3340;180;    50.2;    55.1;8665;     0.6;     9.0;    40.3
19965;GM0638;382;440;464;555;478;1741;2676;1315;379;0;990;1130;4860;1450;     7.3;     3.4;880;     0.7;     2.1;     6.8
19991;GM0056;1101;1253;1274;1292;848;4063;5352;2963;771;0;0;0;6790;12130;     3.9;     7.6;1525;     1.0;     1.9;     3.9
20017;GM0136;;;;;;;;;;;;;;;;;;;;
20043;GM1892;2376;2492;2564;2799;2263;9329;12498;5839;1722;0;13470;12060;12840;3510;    15.3;    16.9;4210;     0.9;     3.0;     7.5
20069;GM0137;;;;;;;;;;;;;;;;;;;;
20095;GM0879;919;948;985;1264;1218;4624;6939;3435;1193;0;0;2590;9370;9560;     7.3;     9.3;2255;     1.2;     2.6;     8.7
20121;GM0301;1994;2524;3026;3172;2292;10304;14363;7701;2161;5860;15750;16280;6900;2750;    19.2;    21.6;3640;     0.6;     9.0;    32.1
20147;GM1896;1436;1610;1633;1689;1378;5381;5641;2915;785;0;0;2410;16370;3690;    11.0;     8.4;1970;     0.6;     2.1;     4.8
20173;GM0192;;;;;;;;;;;;;;;;;;;;
20199;GM0138;;;;;;;;;;;;;;;;;;;;
20225;GM0642;2372;2486;2470;2539;2382;10412;12009;7225;2691;15400;19560;3910;5070;660;    19.1;    19.9;3365;     0.5;     8.6;    25.2
20251;GM0193;7331;7864;7593;7608;8468;35798;32154;14508;4792;31650;50720;24120;14460;5170;   104.0;    55.8;9905;     0.6;    10.7;    51.9
